subscriber_type,trip_id,start_date,subscriber_type_1,start_station_name,start_station_id,station_id,name,landmark
Subscriber,1208506,2016-05-19 18:16:00.000000 UTC,Subscriber,Sequoia Hospital,21,21,Franklin at Maple,Redwood City
Subscriber,1148230,2016-04-04 13:28:00.000000 UTC,Subscriber,Sequoia Hospital,21,21,Franklin at Maple,Redwood City
Subscriber,1250014,2016-06-22 09:17:00.000000 UTC,Subscriber,Redwood City Caltrain Station,22,22,Redwood City Caltrain Station,Redwood City
Subscriber,1176030,2016-04-25 17:10:00.000000 UTC,Subscriber,Redwood City Caltrain Station,22,22,Redwood City Caltrain Station,Redwood City
Subscriber,1198741,2016-05-12 16:31:00.000000 UTC,Subscriber,Redwood City Caltrain Station,22,22,Redwood City Caltrain Station,Redwood City
Subscriber,1198125,2016-05-12 09:47:00.000000 UTC,Subscriber,Redwood City Caltrain Station,22,22,Redwood City Caltrain Station,Redwood City
Subscriber,1193852,2016-05-10 06:46:00.000000 UTC,Subscriber,Redwood City Caltrain Station,22,22,Redwood City Caltrain Station,Redwood City
Subscriber,1167527,2016-04-19 08:42:00.000000 UTC,Subscriber,San Mateo County Center,23,23,San Mateo County Center,Redwood City
Subscriber,1225256,2016-06-03 08:31:00.000000 UTC,Subscriber,San Mateo County Center,23,23,San Mateo County Center,Redwood City
Subscriber,1186593,2016-05-03 17:46:00.000000 UTC,Subscriber,Redwood City Public Library,24,24,Redwood City Public Library,Redwood City
Subscriber,1201515,2016-05-15 10:18:00.000000 UTC,Subscriber,Redwood City Public Library,24,24,Redwood City Public Library,Redwood City
Subscriber,1153577,2016-04-07 17:12:00.000000 UTC,Subscriber,Stanford in Redwood City,25,25,Stanford in Redwood City,Redwood City
Subscriber,1182521,2016-04-29 17:09:00.000000 UTC,Subscriber,Stanford in Redwood City,25,25,Stanford in Redwood City,Redwood City
Subscriber,1179406,2016-04-27 17:16:00.000000 UTC,Subscriber,Stanford in Redwood City,25,25,Stanford in Redwood City,Redwood City
Subscriber,1163852,2016-04-15 16:34:00.000000 UTC,Subscriber,Stanford in Redwood City,25,25,Stanford in Redwood City,Redwood City
Subscriber,1188165,2016-05-04 17:14:00.000000 UTC,Subscriber,Stanford in Redwood City,25,25,Stanford in Redwood City,Redwood City
Subscriber,1162391,2016-04-14 17:11:00.000000 UTC,Subscriber,Stanford in Redwood City,25,25,Stanford in Redwood City,Redwood City
Subscriber,1177736,2016-04-26 17:14:00.000000 UTC,Subscriber,Stanford in Redwood City,25,25,Stanford in Redwood City,Redwood City
Subscriber,1155081,2016-04-08 17:14:00.000000 UTC,Subscriber,Stanford in Redwood City,25,25,Stanford in Redwood City,Redwood City
Subscriber,1146137,2016-04-01 16:43:00.000000 UTC,Subscriber,Stanford in Redwood City,25,25,Stanford in Redwood City,Redwood City
Subscriber,1191136,2016-05-06 16:49:00.000000 UTC,Subscriber,Stanford in Redwood City,25,25,Stanford in Redwood City,Redwood City
Subscriber,1172223,2016-04-21 17:08:00.000000 UTC,Subscriber,Stanford in Redwood City,25,25,Stanford in Redwood City,Redwood City
Subscriber,1158872,2016-04-12 17:14:00.000000 UTC,Subscriber,Stanford in Redwood City,25,25,Stanford in Redwood City,Redwood City
Subscriber,1166453,2016-04-18 17:11:00.000000 UTC,Subscriber,Stanford in Redwood City,25,25,Stanford in Redwood City,Redwood City
Subscriber,1176033,2016-04-25 17:11:00.000000 UTC,Subscriber,Stanford in Redwood City,25,25,Stanford in Redwood City,Redwood City
Subscriber,1150261,2016-04-05 17:13:00.000000 UTC,Subscriber,Stanford in Redwood City,25,25,Stanford in Redwood City,Redwood City
Subscriber,1151909,2016-04-06 17:10:00.000000 UTC,Subscriber,Stanford in Redwood City,25,25,Stanford in Redwood City,Redwood City
Subscriber,1184800,2016-05-02 17:12:00.000000 UTC,Subscriber,Stanford in Redwood City,25,25,Stanford in Redwood City,Redwood City
Subscriber,1168776,2016-04-19 17:11:00.000000 UTC,Subscriber,Stanford in Redwood City,25,25,Stanford in Redwood City,Redwood City
Subscriber,1180986,2016-04-28 17:13:00.000000 UTC,Subscriber,Stanford in Redwood City,25,25,Stanford in Redwood City,Redwood City
Subscriber,1148593,2016-04-04 17:07:00.000000 UTC,Subscriber,Stanford in Redwood City,25,25,Stanford in Redwood City,Redwood City
Subscriber,1189842,2016-05-05 17:17:00.000000 UTC,Subscriber,Stanford in Redwood City,25,25,Stanford in Redwood City,Redwood City
Subscriber,1186478,2016-05-03 17:12:00.000000 UTC,Subscriber,Stanford in Redwood City,25,25,Stanford in Redwood City,Redwood City
Subscriber,1160718,2016-04-13 17:12:00.000000 UTC,Subscriber,Stanford in Redwood City,25,25,Stanford in Redwood City,Redwood City
Subscriber,1234046,2016-06-09 18:11:00.000000 UTC,Subscriber,Stanford in Redwood City,25,25,Stanford in Redwood City,Redwood City
Subscriber,1187908,2016-05-04 15:31:00.000000 UTC,Subscriber,Stanford in Redwood City,25,25,Stanford in Redwood City,Redwood City
Subscriber,1225040,2016-06-03 07:23:00.000000 UTC,Subscriber,Stanford in Redwood City,25,25,Stanford in Redwood City,Redwood City
Subscriber,1175964,2016-04-25 16:57:00.000000 UTC,Subscriber,Stanford in Redwood City,25,25,Stanford in Redwood City,Redwood City
Subscriber,1221466,2016-05-31 18:12:00.000000 UTC,Subscriber,Stanford in Redwood City,25,25,Stanford in Redwood City,Redwood City
Subscriber,1161553,2016-04-14 08:23:00.000000 UTC,Subscriber,Stanford in Redwood City,25,25,Stanford in Redwood City,Redwood City
Subscriber,1224105,2016-06-02 12:35:00.000000 UTC,Subscriber,Stanford in Redwood City,25,25,Stanford in Redwood City,Redwood City
Subscriber,1170412,2016-04-20 16:24:00.000000 UTC,Subscriber,Stanford in Redwood City,25,25,Stanford in Redwood City,Redwood City
Subscriber,1148464,2016-04-04 16:29:00.000000 UTC,Subscriber,Stanford in Redwood City,25,25,Stanford in Redwood City,Redwood City
Subscriber,1168599,2016-04-19 16:27:00.000000 UTC,Subscriber,Stanford in Redwood City,25,25,Stanford in Redwood City,Redwood City
Subscriber,1172073,2016-04-21 16:27:00.000000 UTC,Subscriber,Stanford in Redwood City,25,25,Stanford in Redwood City,Redwood City
Subscriber,1206447,2016-05-18 16:27:00.000000 UTC,Subscriber,Stanford in Redwood City,25,25,Stanford in Redwood City,Redwood City
Subscriber,1202920,2016-05-16 16:24:00.000000 UTC,Subscriber,Stanford in Redwood City,25,25,Stanford in Redwood City,Redwood City
Subscriber,1166303,2016-04-18 16:28:00.000000 UTC,Subscriber,Stanford in Redwood City,25,25,Stanford in Redwood City,Redwood City
Subscriber,1235334,2016-06-10 16:32:00.000000 UTC,Subscriber,Stanford in Redwood City,25,25,Stanford in Redwood City,Redwood City
Subscriber,1250553,2016-06-22 16:24:00.000000 UTC,Subscriber,Stanford in Redwood City,25,25,Stanford in Redwood City,Redwood City
Subscriber,1194951,2016-05-10 16:27:00.000000 UTC,Subscriber,Stanford in Redwood City,25,25,Stanford in Redwood City,Redwood City
Subscriber,1221083,2016-05-31 16:29:00.000000 UTC,Subscriber,Stanford in Redwood City,25,25,Stanford in Redwood City,Redwood City
Subscriber,1160556,2016-04-13 16:28:00.000000 UTC,Subscriber,Stanford in Redwood City,25,25,Stanford in Redwood City,Redwood City
Subscriber,1200465,2016-05-13 16:25:00.000000 UTC,Subscriber,Stanford in Redwood City,25,25,Stanford in Redwood City,Redwood City
Subscriber,1218356,2016-05-27 16:27:00.000000 UTC,Subscriber,Stanford in Redwood City,25,25,Stanford in Redwood City,Redwood City
Subscriber,1184639,2016-05-02 16:27:00.000000 UTC,Subscriber,Stanford in Redwood City,25,25,Stanford in Redwood City,Redwood City
Subscriber,1158738,2016-04-12 16:28:00.000000 UTC,Subscriber,Stanford in Redwood City,25,25,Stanford in Redwood City,Redwood City
Subscriber,1242809,2016-06-16 13:14:00.000000 UTC,Subscriber,Stanford in Redwood City,25,25,Stanford in Redwood City,Redwood City
Subscriber,1246779,2016-06-20 12:11:00.000000 UTC,Subscriber,Stanford in Redwood City,25,25,Stanford in Redwood City,Redwood City
Subscriber,1235076,2016-06-10 13:13:00.000000 UTC,Subscriber,Stanford in Redwood City,25,25,Stanford in Redwood City,Redwood City
Subscriber,1237475,2016-06-13 11:45:00.000000 UTC,Subscriber,Stanford in Redwood City,25,25,Stanford in Redwood City,Redwood City
Subscriber,1218359,2016-05-27 16:27:00.000000 UTC,Subscriber,Stanford in Redwood City,25,25,Stanford in Redwood City,Redwood City
Subscriber,1221081,2016-05-31 16:28:00.000000 UTC,Subscriber,Stanford in Redwood City,25,25,Stanford in Redwood City,Redwood City
Subscriber,1148465,2016-04-04 16:29:00.000000 UTC,Subscriber,Stanford in Redwood City,25,25,Stanford in Redwood City,Redwood City
Subscriber,1198665,2016-05-12 16:08:00.000000 UTC,Subscriber,Stanford in Redwood City,25,25,Stanford in Redwood City,Redwood City
Subscriber,1204663,2016-05-17 16:09:00.000000 UTC,Subscriber,Stanford in Redwood City,25,25,Stanford in Redwood City,Redwood City
Subscriber,1216920,2016-05-26 16:55:00.000000 UTC,Subscriber,Stanford in Redwood City,25,25,Stanford in Redwood City,Redwood City
Subscriber,1162193,2016-04-14 16:09:00.000000 UTC,Subscriber,Stanford in Redwood City,25,25,Stanford in Redwood City,Redwood City
Subscriber,1215200,2016-05-25 16:07:00.000000 UTC,Subscriber,Stanford in Redwood City,25,25,Stanford in Redwood City,Redwood City
Subscriber,1168603,2016-04-19 16:29:00.000000 UTC,Subscriber,Stanford in Redwood City,25,25,Stanford in Redwood City,Redwood City
Subscriber,1175856,2016-04-25 16:07:00.000000 UTC,Subscriber,Stanford in Redwood City,25,25,Stanford in Redwood City,Redwood City
Subscriber,1156921,2016-04-11 16:27:00.000000 UTC,Subscriber,Stanford in Redwood City,25,25,Stanford in Redwood City,Redwood City
Subscriber,1185886,2016-05-03 09:55:00.000000 UTC,Subscriber,Stanford in Redwood City,25,25,Stanford in Redwood City,Redwood City
Subscriber,1149729,2016-04-05 10:16:00.000000 UTC,Subscriber,Stanford in Redwood City,25,25,Stanford in Redwood City,Redwood City
Subscriber,1210088,2016-05-20 19:18:00.000000 UTC,Subscriber,Kaiser Hospital,26,26,Redwood City Medical Center,Redwood City
Subscriber,1212092,2016-05-23 17:08:00.000000 UTC,Subscriber,Kaiser Hospital,26,26,Redwood City Medical Center,Redwood City
Subscriber,1148855,2016-04-04 18:13:00.000000 UTC,Subscriber,Kaiser Hospital,26,26,Redwood City Medical Center,Redwood City
Subscriber,1243196,2016-06-16 17:14:00.000000 UTC,Subscriber,Kaiser Hospital,26,26,Redwood City Medical Center,Redwood City
Subscriber,1166460,2016-04-18 17:13:00.000000 UTC,Subscriber,Kaiser Hospital,26,26,Redwood City Medical Center,Redwood City
Subscriber,1215367,2016-05-25 17:11:00.000000 UTC,Subscriber,Kaiser Hospital,26,26,Redwood City Medical Center,Redwood City
Subscriber,1157388,2016-04-11 18:11:00.000000 UTC,Subscriber,Kaiser Hospital,26,26,Redwood City Medical Center,Redwood City
Subscriber,1216997,2016-05-26 17:14:00.000000 UTC,Subscriber,Kaiser Hospital,26,26,Redwood City Medical Center,Redwood City
Subscriber,1238093,2016-06-13 17:50:00.000000 UTC,Subscriber,Kaiser Hospital,26,26,Redwood City Medical Center,Redwood City
Subscriber,1155077,2016-04-08 17:11:00.000000 UTC,Subscriber,Kaiser Hospital,26,26,Redwood City Medical Center,Redwood City
Subscriber,1163983,2016-04-15 17:16:00.000000 UTC,Subscriber,Kaiser Hospital,26,26,Redwood City Medical Center,Redwood City
Subscriber,1162403,2016-04-14 17:15:00.000000 UTC,Subscriber,Kaiser Hospital,26,26,Redwood City Medical Center,Redwood City
Subscriber,1233860,2016-06-09 17:17:00.000000 UTC,Subscriber,Kaiser Hospital,26,26,Redwood City Medical Center,Redwood City
Subscriber,1173805,2016-04-22 18:17:00.000000 UTC,Subscriber,Kaiser Hospital,26,26,Redwood City Medical Center,Redwood City
Subscriber,1228690,2016-06-06 17:12:00.000000 UTC,Subscriber,Kaiser Hospital,26,26,Redwood City Medical Center,Redwood City
Subscriber,1213732,2016-05-24 17:11:00.000000 UTC,Subscriber,Kaiser Hospital,26,26,Redwood City Medical Center,Redwood City
Subscriber,1151919,2016-04-06 17:13:00.000000 UTC,Subscriber,Kaiser Hospital,26,26,Redwood City Medical Center,Redwood City
Subscriber,1170589,2016-04-20 17:13:00.000000 UTC,Subscriber,Kaiser Hospital,26,26,Redwood City Medical Center,Redwood City
Subscriber,1239941,2016-06-14 18:12:00.000000 UTC,Subscriber,Kaiser Hospital,26,26,Redwood City Medical Center,Redwood City
Subscriber,1179394,2016-04-27 17:13:00.000000 UTC,Subscriber,Kaiser Hospital,26,26,Redwood City Medical Center,Redwood City
Subscriber,1172429,2016-04-21 18:11:00.000000 UTC,Subscriber,Kaiser Hospital,26,26,Redwood City Medical Center,Redwood City
Subscriber,1146254,2016-04-01 17:20:00.000000 UTC,Subscriber,Kaiser Hospital,26,26,Redwood City Medical Center,Redwood City
Subscriber,1160721,2016-04-13 17:13:00.000000 UTC,Subscriber,Kaiser Hospital,26,26,Redwood City Medical Center,Redwood City
Subscriber,1258107,2016-06-28 17:13:00.000000 UTC,Subscriber,Kaiser Hospital,26,26,Redwood City Medical Center,Redwood City
Subscriber,1153584,2016-04-07 17:15:00.000000 UTC,Subscriber,Kaiser Hospital,26,26,Redwood City Medical Center,Redwood City
Subscriber,1177726,2016-04-26 17:12:00.000000 UTC,Subscriber,Kaiser Hospital,26,26,Redwood City Medical Center,Redwood City
Subscriber,1256469,2016-06-27 17:17:00.000000 UTC,Subscriber,Kaiser Hospital,26,26,Redwood City Medical Center,Redwood City
Subscriber,1241464,2016-06-15 17:12:00.000000 UTC,Subscriber,Kaiser Hospital,26,26,Redwood City Medical Center,Redwood City
Subscriber,1252341,2016-06-23 17:13:00.000000 UTC,Subscriber,Kaiser Hospital,26,26,Redwood City Medical Center,Redwood City
Subscriber,1222872,2016-06-01 17:18:00.000000 UTC,Subscriber,Kaiser Hospital,26,26,Redwood City Medical Center,Redwood City
Subscriber,1250723,2016-06-22 17:11:00.000000 UTC,Subscriber,Kaiser Hospital,26,26,Redwood City Medical Center,Redwood City
Subscriber,1248965,2016-06-21 17:02:00.000000 UTC,Subscriber,Kaiser Hospital,26,26,Redwood City Medical Center,Redwood City
Subscriber,1242626,2016-06-16 10:50:00.000000 UTC,Subscriber,Kaiser Hospital,26,26,Redwood City Medical Center,Redwood City
Subscriber,1233923,2016-06-09 17:36:00.000000 UTC,Subscriber,Kaiser Hospital,26,26,Redwood City Medical Center,Redwood City
Subscriber,1244022,2016-06-17 08:44:00.000000 UTC,Subscriber,Mezes,83,83,Mezes Park,Redwood City
Subscriber,1208958,2016-05-20 08:19:00.000000 UTC,Subscriber,Mezes,83,83,Mezes Park,Redwood City
Subscriber,1205729,2016-05-18 08:16:00.000000 UTC,Subscriber,Mezes,83,83,Mezes Park,Redwood City
Subscriber,1199703,2016-05-13 08:19:00.000000 UTC,Subscriber,Mezes,83,83,Mezes Park,Redwood City
Subscriber,1161537,2016-04-14 08:16:00.000000 UTC,Subscriber,Mezes,83,83,Mezes Park,Redwood City
Subscriber,1154335,2016-04-08 08:21:00.000000 UTC,Subscriber,Mezes,83,83,Mezes Park,Redwood City
Subscriber,1152679,2016-04-07 08:14:00.000000 UTC,Subscriber,Mezes,83,83,Mezes Park,Redwood City
Subscriber,1181680,2016-04-29 08:17:00.000000 UTC,Subscriber,Mezes,83,83,Mezes Park,Redwood City
Subscriber,1219023,2016-05-28 15:31:00.000000 UTC,Subscriber,Mezes,83,83,Mezes Park,Redwood City
Subscriber,1202232,2016-05-16 08:23:00.000000 UTC,Subscriber,Mezes,83,83,Mezes Park,Redwood City
Subscriber,1147651,2016-04-04 08:19:00.000000 UTC,Subscriber,Mezes,83,83,Mezes Park,Redwood City
Subscriber,1194098,2016-05-10 08:13:00.000000 UTC,Subscriber,Mezes,83,83,Mezes Park,Redwood City
Subscriber,1176828,2016-04-26 08:16:00.000000 UTC,Subscriber,Mezes,83,83,Mezes Park,Redwood City
Subscriber,1212819,2016-05-24 08:15:00.000000 UTC,Subscriber,Mezes,83,83,Mezes Park,Redwood City
Subscriber,1203896,2016-05-17 08:21:00.000000 UTC,Subscriber,Mezes,83,83,Mezes Park,Redwood City
Subscriber,1165513,2016-04-18 08:20:00.000000 UTC,Subscriber,Mezes,83,83,Mezes Park,Redwood City
Subscriber,1190492,2016-05-06 08:16:00.000000 UTC,Subscriber,Mezes,83,83,Mezes Park,Redwood City
Subscriber,1163118,2016-04-15 08:15:00.000000 UTC,Subscriber,Mezes,83,83,Mezes Park,Redwood City
Subscriber,1192427,2016-05-09 08:19:00.000000 UTC,Subscriber,Mezes,83,83,Mezes Park,Redwood City
Subscriber,1158004,2016-04-12 08:21:00.000000 UTC,Subscriber,Mezes,83,83,Mezes Park,Redwood City
Subscriber,1145482,2016-04-01 08:16:00.000000 UTC,Subscriber,Mezes,83,83,Mezes Park,Redwood City
Subscriber,1156231,2016-04-11 08:17:00.000000 UTC,Subscriber,Mezes,83,83,Mezes Park,Redwood City
Subscriber,1199751,2016-05-13 08:32:00.000000 UTC,Subscriber,Redwood City Caltrain Station,22,22,Redwood City Caltrain Station,Redwood City
Subscriber,1168444,2016-04-19 15:00:00.000000 UTC,Subscriber,Redwood City Caltrain Station,22,22,Redwood City Caltrain Station,Redwood City
Subscriber,1193935,2016-05-10 07:22:00.000000 UTC,Subscriber,Redwood City Caltrain Station,22,22,Redwood City Caltrain Station,Redwood City
Subscriber,1224929,2016-06-02 23:32:00.000000 UTC,Subscriber,Redwood City Caltrain Station,22,22,Redwood City Caltrain Station,Redwood City
Subscriber,1211624,2016-05-23 10:51:00.000000 UTC,Subscriber,San Mateo County Center,23,23,San Mateo County Center,Redwood City
Subscriber,1171231,2016-04-21 07:36:00.000000 UTC,Subscriber,San Mateo County Center,23,23,San Mateo County Center,Redwood City
Subscriber,1167848,2016-04-19 09:52:00.000000 UTC,Subscriber,San Mateo County Center,23,23,San Mateo County Center,Redwood City
Subscriber,1170192,2016-04-20 13:12:00.000000 UTC,Subscriber,Redwood City Public Library,24,24,Redwood City Public Library,Redwood City
Subscriber,1206285,2016-05-18 13:10:00.000000 UTC,Subscriber,Redwood City Public Library,24,24,Redwood City Public Library,Redwood City
Subscriber,1224496,2016-06-02 17:14:00.000000 UTC,Subscriber,Stanford in Redwood City,25,25,Stanford in Redwood City,Redwood City
Subscriber,1181291,2016-04-28 19:03:00.000000 UTC,Subscriber,Stanford in Redwood City,25,25,Stanford in Redwood City,Redwood City
Subscriber,1197164,2016-05-11 18:09:00.000000 UTC,Subscriber,Stanford in Redwood City,25,25,Stanford in Redwood City,Redwood City
Subscriber,1155332,2016-04-08 19:05:00.000000 UTC,Subscriber,Stanford in Redwood City,25,25,Stanford in Redwood City,Redwood City
Subscriber,1152233,2016-04-06 19:06:00.000000 UTC,Subscriber,Stanford in Redwood City,25,25,Stanford in Redwood City,Redwood City
Subscriber,1172378,2016-04-21 17:57:00.000000 UTC,Subscriber,Stanford in Redwood City,25,25,Stanford in Redwood City,Redwood City
Subscriber,1150464,2016-04-05 18:12:00.000000 UTC,Subscriber,Stanford in Redwood City,25,25,Stanford in Redwood City,Redwood City
Subscriber,1161076,2016-04-13 19:05:00.000000 UTC,Subscriber,Stanford in Redwood City,25,25,Stanford in Redwood City,Redwood City
Subscriber,1188000,2016-05-04 16:27:00.000000 UTC,Subscriber,Stanford in Redwood City,25,25,Stanford in Redwood City,Redwood City
Subscriber,1200852,2016-05-13 18:37:00.000000 UTC,Subscriber,Stanford in Redwood City,25,25,Stanford in Redwood City,Redwood City
Subscriber,1218645,2016-05-27 18:33:00.000000 UTC,Subscriber,Stanford in Redwood City,25,25,Stanford in Redwood City,Redwood City
Subscriber,1217260,2016-05-26 19:06:00.000000 UTC,Subscriber,Stanford in Redwood City,25,25,Stanford in Redwood City,Redwood City
Subscriber,1195325,2016-05-10 18:04:00.000000 UTC,Subscriber,Stanford in Redwood City,25,25,Stanford in Redwood City,Redwood City
Subscriber,1172507,2016-04-21 18:41:00.000000 UTC,Subscriber,Stanford in Redwood City,25,25,Stanford in Redwood City,Redwood City
Subscriber,1199204,2016-05-12 18:36:00.000000 UTC,Subscriber,Stanford in Redwood City,25,25,Stanford in Redwood City,Redwood City
Subscriber,1198731,2016-05-12 16:28:00.000000 UTC,Subscriber,Stanford in Redwood City,25,25,Stanford in Redwood City,Redwood City
Subscriber,1153600,2016-04-07 17:18:00.000000 UTC,Subscriber,Stanford in Redwood City,25,25,Stanford in Redwood City,Redwood City
Subscriber,1178059,2016-04-26 18:47:00.000000 UTC,Subscriber,Kaiser Hospital,26,26,Redwood City Medical Center,Redwood City
Subscriber,1226180,2016-06-03 17:34:00.000000 UTC,Subscriber,Kaiser Hospital,26,26,Redwood City Medical Center,Redwood City
Subscriber,1160788,2016-04-13 17:29:00.000000 UTC,Subscriber,Kaiser Hospital,26,26,Redwood City Medical Center,Redwood City
Subscriber,1226888,2016-06-04 16:22:00.000000 UTC,Subscriber,Kaiser Hospital,26,26,Redwood City Medical Center,Redwood City
Subscriber,1201059,2016-05-14 11:26:00.000000 UTC,Subscriber,Redwood City Caltrain Station,22,22,Redwood City Caltrain Station,Redwood City
Subscriber,1173138,2016-04-22 09:31:00.000000 UTC,Subscriber,Redwood City Caltrain Station,22,22,Redwood City Caltrain Station,Redwood City
Subscriber,1192055,2016-05-08 18:11:00.000000 UTC,Subscriber,Redwood City Caltrain Station,22,22,Redwood City Caltrain Station,Redwood City
Subscriber,1190080,2016-05-05 18:35:00.000000 UTC,Subscriber,Redwood City Caltrain Station,22,22,Redwood City Caltrain Station,Redwood City
Subscriber,1220838,2016-05-31 12:57:00.000000 UTC,Subscriber,Redwood City Caltrain Station,22,22,Redwood City Caltrain Station,Redwood City
Subscriber,1206218,2016-05-18 12:04:00.000000 UTC,Subscriber,San Mateo County Center,23,23,San Mateo County Center,Redwood City
Subscriber,1170116,2016-04-20 12:03:00.000000 UTC,Subscriber,San Mateo County Center,23,23,San Mateo County Center,Redwood City
Subscriber,1174365,2016-04-24 00:00:00.000000 UTC,Subscriber,Kaiser Hospital,26,26,Redwood City Medical Center,Redwood City
Subscriber,1150961,2016-04-06 07:57:00.000000 UTC,Subscriber,Redwood City Caltrain Station,22,22,Redwood City Caltrain Station,Redwood City
Subscriber,1175036,2016-04-25 08:01:00.000000 UTC,Subscriber,Redwood City Caltrain Station,22,22,Redwood City Caltrain Station,Redwood City
Subscriber,1149273,2016-04-05 07:57:00.000000 UTC,Subscriber,Redwood City Caltrain Station,22,22,Redwood City Caltrain Station,Redwood City
Subscriber,1157905,2016-04-12 07:57:00.000000 UTC,Subscriber,Redwood City Caltrain Station,22,22,Redwood City Caltrain Station,Redwood City
Subscriber,1180019,2016-04-28 07:56:00.000000 UTC,Subscriber,Redwood City Caltrain Station,22,22,Redwood City Caltrain Station,Redwood City
Subscriber,1257074,2016-06-28 07:33:00.000000 UTC,Subscriber,Redwood City Caltrain Station,22,22,Redwood City Caltrain Station,Redwood City
Subscriber,1149381,2016-04-05 08:26:00.000000 UTC,Subscriber,Redwood City Caltrain Station,22,22,Redwood City Caltrain Station,Redwood City
Subscriber,1216150,2016-05-26 08:32:00.000000 UTC,Subscriber,Redwood City Caltrain Station,22,22,Redwood City Caltrain Station,Redwood City
Subscriber,1192478,2016-05-09 08:32:00.000000 UTC,Subscriber,Redwood City Caltrain Station,22,22,Redwood City Caltrain Station,Redwood City
Subscriber,1176731,2016-04-26 07:58:00.000000 UTC,Subscriber,Redwood City Caltrain Station,22,22,Redwood City Caltrain Station,Redwood City
Subscriber,1250024,2016-06-22 09:19:00.000000 UTC,Subscriber,Redwood City Caltrain Station,22,22,Redwood City Caltrain Station,Redwood City
Subscriber,1206425,2016-05-18 16:14:00.000000 UTC,Subscriber,Redwood City Caltrain Station,22,22,Redwood City Caltrain Station,Redwood City
Subscriber,1163060,2016-04-15 07:55:00.000000 UTC,Subscriber,Redwood City Caltrain Station,22,22,Redwood City Caltrain Station,Redwood City
Subscriber,1181605,2016-04-29 07:59:00.000000 UTC,Subscriber,Redwood City Caltrain Station,22,22,Redwood City Caltrain Station,Redwood City
Subscriber,1152611,2016-04-07 07:58:00.000000 UTC,Subscriber,Redwood City Caltrain Station,22,22,Redwood City Caltrain Station,Redwood City
Subscriber,1185475,2016-05-03 07:57:00.000000 UTC,Subscriber,Redwood City Caltrain Station,22,22,Redwood City Caltrain Station,Redwood City
Subscriber,1187157,2016-05-04 07:58:00.000000 UTC,Subscriber,Redwood City Caltrain Station,22,22,Redwood City Caltrain Station,Redwood City
Subscriber,1251345,2016-06-23 07:49:00.000000 UTC,Subscriber,Redwood City Caltrain Station,22,22,Redwood City Caltrain Station,Redwood City
Subscriber,1255567,2016-06-27 08:32:00.000000 UTC,Subscriber,Redwood City Caltrain Station,22,22,Redwood City Caltrain Station,Redwood City
Subscriber,1253059,2016-06-24 08:31:00.000000 UTC,Subscriber,Redwood City Caltrain Station,22,22,Redwood City Caltrain Station,Redwood City
Subscriber,1154268,2016-04-08 08:00:00.000000 UTC,Subscriber,Redwood City Caltrain Station,22,22,Redwood City Caltrain Station,Redwood City
Subscriber,1161457,2016-04-14 07:56:00.000000 UTC,Subscriber,Redwood City Caltrain Station,22,22,Redwood City Caltrain Station,Redwood City
Subscriber,1248319,2016-06-21 09:27:00.000000 UTC,Subscriber,Redwood City Caltrain Station,22,22,Redwood City Caltrain Station,Redwood City
Subscriber,1178411,2016-04-27 07:58:00.000000 UTC,Subscriber,Redwood City Caltrain Station,22,22,Redwood City Caltrain Station,Redwood City
Subscriber,1147566,2016-04-04 07:58:00.000000 UTC,Subscriber,Redwood City Caltrain Station,22,22,Redwood City Caltrain Station,Redwood City
Subscriber,1167313,2016-04-19 08:06:00.000000 UTC,Subscriber,Redwood City Caltrain Station,22,22,Redwood City Caltrain Station,Redwood City
Subscriber,1171292,2016-04-21 07:57:00.000000 UTC,Subscriber,Redwood City Caltrain Station,22,22,Redwood City Caltrain Station,Redwood City
Subscriber,1159592,2016-04-13 08:20:00.000000 UTC,Subscriber,Redwood City Caltrain Station,22,22,Redwood City Caltrain Station,Redwood City
Subscriber,1156068,2016-04-11 07:34:00.000000 UTC,Subscriber,Redwood City Caltrain Station,22,22,Redwood City Caltrain Station,Redwood City
Subscriber,1223624,2016-06-02 08:24:00.000000 UTC,Subscriber,Redwood City Caltrain Station,22,22,Redwood City Caltrain Station,Redwood City
Subscriber,1183792,2016-05-02 08:00:00.000000 UTC,Subscriber,Redwood City Caltrain Station,22,22,Redwood City Caltrain Station,Redwood City
Subscriber,1145431,2016-04-01 07:57:00.000000 UTC,Subscriber,Redwood City Caltrain Station,22,22,Redwood City Caltrain Station,Redwood City
Subscriber,1188835,2016-05-05 07:56:00.000000 UTC,Subscriber,Redwood City Caltrain Station,22,22,Redwood City Caltrain Station,Redwood City
Subscriber,1190445,2016-05-06 07:59:00.000000 UTC,Subscriber,Redwood City Caltrain Station,22,22,Redwood City Caltrain Station,Redwood City
Subscriber,1180174,2016-04-28 08:43:00.000000 UTC,Subscriber,Redwood City Caltrain Station,22,22,Redwood City Caltrain Station,Redwood City
Subscriber,1194236,2016-05-10 08:47:00.000000 UTC,Subscriber,Redwood City Caltrain Station,22,22,Redwood City Caltrain Station,Redwood City
Subscriber,1243993,2016-06-17 08:32:00.000000 UTC,Subscriber,Redwood City Caltrain Station,22,22,Redwood City Caltrain Station,Redwood City
Subscriber,1165439,2016-04-18 08:04:00.000000 UTC,Subscriber,Redwood City Caltrain Station,22,22,Redwood City Caltrain Station,Redwood City
Subscriber,1211500,2016-05-23 09:45:00.000000 UTC,Subscriber,Redwood City Caltrain Station,22,22,Redwood City Caltrain Station,Redwood City
Subscriber,1187797,2016-05-04 12:55:00.000000 UTC,Subscriber,Redwood City Caltrain Station,22,22,Redwood City Caltrain Station,Redwood City
Subscriber,1179223,2016-04-27 16:23:00.000000 UTC,Subscriber,Redwood City Caltrain Station,22,22,Redwood City Caltrain Station,Redwood City
Subscriber,1225035,2016-06-03 07:16:00.000000 UTC,Subscriber,Redwood City Caltrain Station,22,22,Redwood City Caltrain Station,Redwood City
Subscriber,1179889,2016-04-28 06:48:00.000000 UTC,Subscriber,Redwood City Caltrain Station,22,22,Redwood City Caltrain Station,Redwood City
Subscriber,1246031,2016-06-20 06:20:00.000000 UTC,Subscriber,Redwood City Caltrain Station,22,22,Redwood City Caltrain Station,Redwood City
Subscriber,1251183,2016-06-23 06:16:00.000000 UTC,Subscriber,Redwood City Caltrain Station,22,22,Redwood City Caltrain Station,Redwood City
Subscriber,1174857,2016-04-25 06:17:00.000000 UTC,Subscriber,Redwood City Caltrain Station,22,22,Redwood City Caltrain Station,Redwood City
Subscriber,1193870,2016-05-10 06:50:00.000000 UTC,Subscriber,Redwood City Caltrain Station,22,22,Redwood City Caltrain Station,Redwood City
Subscriber,1192263,2016-05-09 07:31:00.000000 UTC,Subscriber,Redwood City Caltrain Station,22,22,Redwood City Caltrain Station,Redwood City
Subscriber,1161369,2016-04-14 07:20:00.000000 UTC,Subscriber,Redwood City Caltrain Station,22,22,Redwood City Caltrain Station,Redwood City
Subscriber,1220022,2016-05-31 06:48:00.000000 UTC,Subscriber,Redwood City Caltrain Station,22,22,Redwood City Caltrain Station,Redwood City
Subscriber,1176564,2016-04-26 06:47:00.000000 UTC,Subscriber,Redwood City Caltrain Station,22,22,Redwood City Caltrain Station,Redwood City
Subscriber,1178287,2016-04-27 06:50:00.000000 UTC,Subscriber,Redwood City Caltrain Station,22,22,Redwood City Caltrain Station,Redwood City
Subscriber,1197542,2016-05-12 07:32:00.000000 UTC,Subscriber,Redwood City Caltrain Station,22,22,Redwood City Caltrain Station,Redwood City
Subscriber,1152517,2016-04-07 07:31:00.000000 UTC,Subscriber,Redwood City Caltrain Station,22,22,Redwood City Caltrain Station,Redwood City
Subscriber,1197511,2016-05-12 07:21:00.000000 UTC,Subscriber,Redwood City Caltrain Station,22,22,Redwood City Caltrain Station,Redwood City
Subscriber,1236830,2016-06-13 07:33:00.000000 UTC,Subscriber,Redwood City Caltrain Station,22,22,Redwood City Caltrain Station,Redwood City
Subscriber,1199582,2016-05-13 07:33:00.000000 UTC,Subscriber,Redwood City Caltrain Station,22,22,Redwood City Caltrain Station,Redwood City
Subscriber,1193959,2016-05-10 07:33:00.000000 UTC,Subscriber,Redwood City Caltrain Station,22,22,Redwood City Caltrain Station,Redwood City
Subscriber,1171232,2016-04-21 07:37:00.000000 UTC,Subscriber,Redwood City Caltrain Station,22,22,Redwood City Caltrain Station,Redwood City
Subscriber,1227513,2016-06-06 07:32:00.000000 UTC,Subscriber,Redwood City Caltrain Station,22,22,Redwood City Caltrain Station,Redwood City
Subscriber,1251307,2016-06-23 07:33:00.000000 UTC,Subscriber,Redwood City Caltrain Station,22,22,Redwood City Caltrain Station,Redwood City
Subscriber,1169450,2016-04-20 07:33:00.000000 UTC,Subscriber,Redwood City Caltrain Station,22,22,Redwood City Caltrain Station,Redwood City
Subscriber,1203674,2016-05-17 07:33:00.000000 UTC,Subscriber,Redwood City Caltrain Station,22,22,Redwood City Caltrain Station,Redwood City
Subscriber,1249602,2016-06-22 07:22:00.000000 UTC,Subscriber,Redwood City Caltrain Station,22,22,Redwood City Caltrain Station,Redwood City
Subscriber,1188771,2016-05-05 07:31:00.000000 UTC,Subscriber,Redwood City Caltrain Station,22,22,Redwood City Caltrain Station,Redwood City
Subscriber,1247818,2016-06-21 07:21:00.000000 UTC,Subscriber,Redwood City Caltrain Station,22,22,Redwood City Caltrain Station,Redwood City
Subscriber,1217503,2016-05-27 07:22:00.000000 UTC,Subscriber,Redwood City Caltrain Station,22,22,Redwood City Caltrain Station,Redwood City
Subscriber,1167162,2016-04-19 07:32:00.000000 UTC,Subscriber,Redwood City Caltrain Station,22,22,Redwood City Caltrain Station,Redwood City
Subscriber,1225056,2016-06-03 07:33:00.000000 UTC,Subscriber,Redwood City Caltrain Station,22,22,Redwood City Caltrain Station,Redwood City
Subscriber,1205547,2016-05-18 07:33:00.000000 UTC,Subscriber,Redwood City Caltrain Station,22,22,Redwood City Caltrain Station,Redwood City
Subscriber,1234432,2016-06-10 07:34:00.000000 UTC,Subscriber,Redwood City Caltrain Station,22,22,Redwood City Caltrain Station,Redwood City
Subscriber,1161373,2016-04-14 07:22:00.000000 UTC,Subscriber,Redwood City Caltrain Station,22,22,Redwood City Caltrain Station,Redwood City
Subscriber,1159496,2016-04-13 07:35:00.000000 UTC,Subscriber,Redwood City Caltrain Station,22,22,Redwood City Caltrain Station,Redwood City
Subscriber,1237277,2016-06-13 09:24:00.000000 UTC,Subscriber,Redwood City Caltrain Station,22,22,Redwood City Caltrain Station,Redwood City
Subscriber,1234993,2016-06-10 11:56:00.000000 UTC,Subscriber,Redwood City Caltrain Station,22,22,Redwood City Caltrain Station,Redwood City
Subscriber,1242631,2016-06-16 10:55:00.000000 UTC,Subscriber,Redwood City Caltrain Station,22,22,Redwood City Caltrain Station,Redwood City
Subscriber,1246606,2016-06-20 09:32:00.000000 UTC,Subscriber,Redwood City Caltrain Station,22,22,Redwood City Caltrain Station,Redwood City
Subscriber,1236832,2016-06-13 07:33:00.000000 UTC,Subscriber,Redwood City Caltrain Station,22,22,Redwood City Caltrain Station,Redwood City
Subscriber,1167160,2016-04-19 07:32:00.000000 UTC,Subscriber,Redwood City Caltrain Station,22,22,Redwood City Caltrain Station,Redwood City
Subscriber,1242078,2016-06-16 07:31:00.000000 UTC,Subscriber,Redwood City Caltrain Station,22,22,Redwood City Caltrain Station,Redwood City
Subscriber,1215846,2016-05-26 06:49:00.000000 UTC,Subscriber,Redwood City Caltrain Station,22,22,Redwood City Caltrain Station,Redwood City
Subscriber,1232754,2016-06-09 07:37:00.000000 UTC,Subscriber,Redwood City Caltrain Station,22,22,Redwood City Caltrain Station,Redwood City
Subscriber,1243794,2016-06-17 07:20:00.000000 UTC,Subscriber,Redwood City Caltrain Station,22,22,Redwood City Caltrain Station,Redwood City
Subscriber,1181533,2016-04-29 07:32:00.000000 UTC,Subscriber,Redwood City Caltrain Station,22,22,Redwood City Caltrain Station,Redwood City
Subscriber,1234430,2016-06-10 07:33:00.000000 UTC,Subscriber,Redwood City Caltrain Station,22,22,Redwood City Caltrain Station,Redwood City
Subscriber,1229341,2016-06-07 07:33:00.000000 UTC,Subscriber,Redwood City Caltrain Station,22,22,Redwood City Caltrain Station,Redwood City
Subscriber,1199581,2016-05-13 07:33:00.000000 UTC,Subscriber,Redwood City Caltrain Station,22,22,Redwood City Caltrain Station,Redwood City
Subscriber,1203673,2016-05-17 07:33:00.000000 UTC,Subscriber,Redwood City Caltrain Station,22,22,Redwood City Caltrain Station,Redwood City
Subscriber,1251306,2016-06-23 07:32:00.000000 UTC,Subscriber,Redwood City Caltrain Station,22,22,Redwood City Caltrain Station,Redwood City
Subscriber,1195738,2016-05-11 07:15:00.000000 UTC,Subscriber,Redwood City Caltrain Station,22,22,Redwood City Caltrain Station,Redwood City
Subscriber,1171233,2016-04-21 07:37:00.000000 UTC,Subscriber,Redwood City Caltrain Station,22,22,Redwood City Caltrain Station,Redwood City
Subscriber,1176644,2016-04-26 07:34:00.000000 UTC,Subscriber,Redwood City Caltrain Station,22,22,Redwood City Caltrain Station,Redwood City
Subscriber,1174941,2016-04-25 07:22:00.000000 UTC,Subscriber,Redwood City Caltrain Station,22,22,Redwood City Caltrain Station,Redwood City
Subscriber,1197729,2016-05-12 08:19:00.000000 UTC,Subscriber,Redwood City Caltrain Station,22,22,Redwood City Caltrain Station,Redwood City
Subscriber,1202018,2016-05-16 07:21:00.000000 UTC,Subscriber,Redwood City Caltrain Station,22,22,Redwood City Caltrain Station,Redwood City
Subscriber,1214272,2016-05-25 07:21:00.000000 UTC,Subscriber,Redwood City Caltrain Station,22,22,Redwood City Caltrain Station,Redwood City
Subscriber,1161372,2016-04-14 07:21:00.000000 UTC,Subscriber,Redwood City Caltrain Station,22,22,Redwood City Caltrain Station,Redwood City
Subscriber,1167158,2016-04-19 07:31:00.000000 UTC,Subscriber,Redwood City Caltrain Station,22,22,Redwood City Caltrain Station,Redwood City
Subscriber,1156064,2016-04-11 07:31:00.000000 UTC,Subscriber,Redwood City Caltrain Station,22,22,Redwood City Caltrain Station,Redwood City
Subscriber,1203671,2016-05-17 07:32:00.000000 UTC,Subscriber,Redwood City Caltrain Station,22,22,Redwood City Caltrain Station,Redwood City
Subscriber,1215915,2016-05-26 07:20:00.000000 UTC,Subscriber,Redwood City Caltrain Station,22,22,Redwood City Caltrain Station,Redwood City
Subscriber,1152723,2016-04-07 08:26:00.000000 UTC,Subscriber,Redwood City Caltrain Station,22,22,Redwood City Caltrain Station,Redwood City
Subscriber,1199775,2016-05-13 08:39:00.000000 UTC,Subscriber,San Mateo County Center,23,23,San Mateo County Center,Redwood City
Subscriber,1178986,2016-04-27 12:52:00.000000 UTC,Subscriber,Redwood City Caltrain Station,22,22,Redwood City Caltrain Station,Redwood City
Subscriber,1237521,2016-06-13 12:40:00.000000 UTC,Subscriber,Redwood City Caltrain Station,22,22,Redwood City Caltrain Station,Redwood City
Subscriber,1211622,2016-05-23 10:47:00.000000 UTC,Subscriber,Redwood City Caltrain Station,22,22,Redwood City Caltrain Station,Redwood City
Subscriber,1152880,2016-04-07 09:06:00.000000 UTC,Subscriber,Redwood City Caltrain Station,22,22,Redwood City Caltrain Station,Redwood City
Subscriber,1159992,2016-04-13 09:53:00.000000 UTC,Subscriber,Redwood City Caltrain Station,22,22,Redwood City Caltrain Station,Redwood City
Subscriber,1227998,2016-06-06 09:30:00.000000 UTC,Subscriber,Redwood City Caltrain Station,22,22,Redwood City Caltrain Station,Redwood City
Subscriber,1239021,2016-06-14 09:32:00.000000 UTC,Subscriber,Redwood City Caltrain Station,22,22,Redwood City Caltrain Station,Redwood City
Subscriber,1145725,2016-04-01 09:28:00.000000 UTC,Subscriber,Redwood City Caltrain Station,22,22,Redwood City Caltrain Station,Redwood City
Subscriber,1156733,2016-04-11 12:57:00.000000 UTC,Subscriber,Redwood City Caltrain Station,22,22,Redwood City Caltrain Station,Redwood City
Subscriber,1178686,2016-04-27 09:03:00.000000 UTC,Subscriber,Redwood City Caltrain Station,22,22,Redwood City Caltrain Station,Redwood City
Subscriber,1165908,2016-04-18 10:38:00.000000 UTC,Subscriber,Redwood City Caltrain Station,22,22,Redwood City Caltrain Station,Redwood City
Subscriber,1148084,2016-04-04 11:00:00.000000 UTC,Subscriber,Redwood City Caltrain Station,22,22,Redwood City Caltrain Station,Redwood City
Subscriber,1214625,2016-05-25 08:55:00.000000 UTC,Subscriber,Redwood City Caltrain Station,22,22,Redwood City Caltrain Station,Redwood City
Subscriber,1169822,2016-04-20 09:07:00.000000 UTC,Subscriber,Redwood City Caltrain Station,22,22,Redwood City Caltrain Station,Redwood City
Subscriber,1234797,2016-06-10 09:29:00.000000 UTC,Subscriber,Redwood City Caltrain Station,22,22,Redwood City Caltrain Station,Redwood City
Subscriber,1250062,2016-06-22 09:33:00.000000 UTC,Subscriber,Redwood City Caltrain Station,22,22,Redwood City Caltrain Station,Redwood City
Subscriber,1242514,2016-06-16 09:30:00.000000 UTC,Subscriber,Redwood City Caltrain Station,22,22,Redwood City Caltrain Station,Redwood City
Subscriber,1223790,2016-06-02 09:06:00.000000 UTC,Subscriber,Redwood City Caltrain Station,22,22,Redwood City Caltrain Station,Redwood City
Subscriber,1161704,2016-04-14 09:02:00.000000 UTC,Subscriber,Redwood City Caltrain Station,22,22,Redwood City Caltrain Station,Redwood City
Subscriber,1177031,2016-04-26 09:01:00.000000 UTC,Subscriber,Redwood City Caltrain Station,22,22,Redwood City Caltrain Station,Redwood City
Subscriber,1248895,2016-06-21 16:41:00.000000 UTC,Subscriber,Redwood City Caltrain Station,22,22,Redwood City Caltrain Station,Redwood City
Subscriber,1226920,2016-06-04 17:40:00.000000 UTC,Subscriber,Redwood City Caltrain Station,22,22,Redwood City Caltrain Station,Redwood City
Subscriber,1229042,2016-06-06 18:51:00.000000 UTC,Subscriber,Redwood City Caltrain Station,22,22,Redwood City Caltrain Station,Redwood City
Subscriber,1221566,2016-05-31 18:45:00.000000 UTC,Subscriber,Redwood City Caltrain Station,22,22,Redwood City Caltrain Station,Redwood City
Subscriber,1190373,2016-05-06 07:20:00.000000 UTC,Subscriber,Redwood City Caltrain Station,22,22,Redwood City Caltrain Station,Redwood City
Subscriber,1243793,2016-06-17 07:19:00.000000 UTC,Subscriber,Redwood City Caltrain Station,22,22,Redwood City Caltrain Station,Redwood City
Subscriber,1233620,2016-06-09 15:53:00.000000 UTC,Subscriber,Redwood City Caltrain Station,22,22,Redwood City Caltrain Station,Redwood City
Subscriber,1193947,2016-05-10 07:26:00.000000 UTC,Subscriber,San Mateo County Center,23,23,San Mateo County Center,Redwood City
Subscriber,1177680,2016-04-26 17:04:00.000000 UTC,Subscriber,Stanford in Redwood City,25,25,Stanford in Redwood City,Redwood City
Subscriber,1239297,2016-06-14 12:51:00.000000 UTC,Subscriber,Kaiser Hospital,26,26,Redwood City Medical Center,Redwood City
Subscriber,1233488,2016-06-09 13:29:00.000000 UTC,Subscriber,Kaiser Hospital,26,26,Redwood City Medical Center,Redwood City
Subscriber,1151783,2016-04-06 16:33:00.000000 UTC,Subscriber,Stanford in Redwood City,25,25,Stanford in Redwood City,Redwood City
Subscriber,1158766,2016-04-12 16:46:00.000000 UTC,Subscriber,Stanford in Redwood City,25,25,Stanford in Redwood City,Redwood City
Subscriber,1162246,2016-04-14 16:34:00.000000 UTC,Subscriber,Stanford in Redwood City,25,25,Stanford in Redwood City,Redwood City
Subscriber,1170435,2016-04-20 16:34:00.000000 UTC,Subscriber,Stanford in Redwood City,25,25,Stanford in Redwood City,Redwood City
Subscriber,1173474,2016-04-22 16:17:00.000000 UTC,Subscriber,Stanford in Redwood City,25,25,Stanford in Redwood City,Redwood City
Subscriber,1156950,2016-04-11 16:34:00.000000 UTC,Subscriber,Stanford in Redwood City,25,25,Stanford in Redwood City,Redwood City
Subscriber,1172076,2016-04-21 16:29:00.000000 UTC,Subscriber,Stanford in Redwood City,25,25,Stanford in Redwood City,Redwood City
Subscriber,1160567,2016-04-13 16:32:00.000000 UTC,Subscriber,Stanford in Redwood City,25,25,Stanford in Redwood City,Redwood City
Subscriber,1202668,2016-05-16 11:57:00.000000 UTC,Subscriber,Stanford in Redwood City,25,25,Stanford in Redwood City,Redwood City
Subscriber,1213934,2016-05-24 18:07:00.000000 UTC,Subscriber,Redwood City Caltrain Station,22,22,Redwood City Caltrain Station,Redwood City
Subscriber,1212183,2016-05-23 17:31:00.000000 UTC,Subscriber,Redwood City Caltrain Station,22,22,Redwood City Caltrain Station,Redwood City
Subscriber,1155068,2016-04-08 17:07:00.000000 UTC,Subscriber,Redwood City Caltrain Station,22,22,Redwood City Caltrain Station,Redwood City
Subscriber,1173689,2016-04-22 17:27:00.000000 UTC,Subscriber,Redwood City Caltrain Station,22,22,Redwood City Caltrain Station,Redwood City
Subscriber,1193423,2016-05-09 17:31:00.000000 UTC,Subscriber,Redwood City Caltrain Station,22,22,Redwood City Caltrain Station,Redwood City
Subscriber,1151993,2016-04-06 17:35:00.000000 UTC,Subscriber,Redwood City Caltrain Station,22,22,Redwood City Caltrain Station,Redwood City
Subscriber,1162378,2016-04-14 17:07:00.000000 UTC,Subscriber,Redwood City Caltrain Station,22,22,Redwood City Caltrain Station,Redwood City
Subscriber,1182524,2016-04-29 17:10:00.000000 UTC,Subscriber,Redwood City Caltrain Station,22,22,Redwood City Caltrain Station,Redwood City
Subscriber,1169080,2016-04-19 18:28:00.000000 UTC,Subscriber,Redwood City Caltrain Station,22,22,Redwood City Caltrain Station,Redwood City
Subscriber,1153793,2016-04-07 18:08:00.000000 UTC,Subscriber,Redwood City Caltrain Station,22,22,Redwood City Caltrain Station,Redwood City
Subscriber,1163942,2016-04-15 17:07:00.000000 UTC,Subscriber,Redwood City Caltrain Station,22,22,Redwood City Caltrain Station,Redwood City
Subscriber,1160949,2016-04-13 18:08:00.000000 UTC,Subscriber,Redwood City Caltrain Station,22,22,Redwood City Caltrain Station,Redwood City
Subscriber,1157361,2016-04-11 18:07:00.000000 UTC,Subscriber,Redwood City Caltrain Station,22,22,Redwood City Caltrain Station,Redwood City
Subscriber,1172486,2016-04-21 18:31:00.000000 UTC,Subscriber,Redwood City Caltrain Station,22,22,Redwood City Caltrain Station,Redwood City
Subscriber,1250592,2016-06-22 16:41:00.000000 UTC,Subscriber,Stanford in Redwood City,25,25,Stanford in Redwood City,Redwood City
Subscriber,1243395,2016-06-16 18:07:00.000000 UTC,Subscriber,Stanford in Redwood City,25,25,Stanford in Redwood City,Redwood City
Subscriber,1258393,2016-06-28 18:38:00.000000 UTC,Subscriber,Stanford in Redwood City,25,25,Stanford in Redwood City,Redwood City
Subscriber,1252525,2016-06-23 18:11:00.000000 UTC,Subscriber,Stanford in Redwood City,25,25,Stanford in Redwood City,Redwood City
Subscriber,1249340,2016-06-21 18:39:00.000000 UTC,Subscriber,Stanford in Redwood City,25,25,Stanford in Redwood City,Redwood City
Subscriber,1247444,2016-06-20 18:10:00.000000 UTC,Subscriber,Stanford in Redwood City,25,25,Stanford in Redwood City,Redwood City
Subscriber,1256768,2016-06-27 18:40:00.000000 UTC,Subscriber,Stanford in Redwood City,25,25,Stanford in Redwood City,Redwood City
Subscriber,1254095,2016-06-24 18:36:00.000000 UTC,Subscriber,Stanford in Redwood City,25,25,Stanford in Redwood City,Redwood City
Subscriber,1253950,2016-06-24 17:32:00.000000 UTC,Subscriber,Kaiser Hospital,26,26,Redwood City Medical Center,Redwood City
Subscriber,1235559,2016-06-10 17:49:00.000000 UTC,Subscriber,Kaiser Hospital,26,26,Redwood City Medical Center,Redwood City
Subscriber,1237930,2016-06-13 17:08:00.000000 UTC,Subscriber,Redwood City Caltrain Station,22,22,Redwood City Caltrain Station,Redwood City
Subscriber,1254163,2016-06-24 19:34:00.000000 UTC,Subscriber,Redwood City Caltrain Station,22,22,Redwood City Caltrain Station,Redwood City
Subscriber,1254937,2016-06-26 11:35:00.000000 UTC,Subscriber,Redwood City Caltrain Station,22,22,Redwood City Caltrain Station,Redwood City